X_POS,Y_POS,Z_POS,width,length,angle,I1_x,I1_y,I1_z,I2_x,I2_y,I2_z,I3_x,I3_y,I3_z,I4_x,I4_y,I4_z,
34.57279738,-0.561699725,70.27964601,2.123870107,12.50772838,90.90471486,-5.733554744,-0.040419444,-0.020479099,-5.871893472,-0.07090702,0.603684534,0,0,0,0,0,0,
34.57275501,-0.568881678,72.66840525,2.137539598,12.50972351,90.90288756,-5.604495382,-0.09922075,-0.173049607,-5.819749466,-0.040441851,3.038940594,0,0,0,0,0,0,
34.50226814,0.000875951,73.16601675,1.582221481,12.5059904,90.04896168,-5.67628048,-0.108905487,-0.167458573,-5.79626655,0.082929106,3.130869219,0,0,0,0,0,0,
34.56474089,2.301558934,70.26186208,2.133797646,18.7130894,90.21251938,-5.771230383,-0.410039677,0.129696477,-5.791388207,3.200211072,-0.216132131,0,0,0,0,0,0,
34.55635903,2.235246886,72.65369612,2.163792133,18.60981502,90.38248168,-5.639731545,-0.215330954,-0.050632738,-5.511249996,1.991023867,2.078573338,0,0,0,0,0,0,
34.45245202,2.192200777,75.24667229,1.567417118,18.68186386,90.655012,-5.71307792,-0.315346005,0.042880973,-5.639038306,2.633674107,1.389024399,0,0,0,0,0,0,
34.53542262,1.3705778,73.92147214,2.051058742,12.74741761,89.5268158,-5.774214554,-0.590078351,0.116366251,-5.760266629,3.392284392,-0.235884517,0,0,0,0,0,0,
34.40529435,1.04668106,81.03005589,1.572595092,12.50611957,90.35410652,-5.625043919,-0.298033495,-0.092953096,-5.650940991,1.290045319,2.634206511,0,0,0,0,0,0,
34.53601664,0.603029467,72.64789906,1.575854274,12.52469046,91.05925023,-5.740638092,-0.472997824,-0.059372515,-5.814333698,2.209581691,2.247355238,0,0,0,0,0,0,
23.36229829,0.197873775,45.87831991,17.88690564,24.04318926,92.07608137,-4.247642236,-0.113855293,1.875978817,-49.52143169,-0.03336512,17.27596591,0,0,0,0,0,0,
34.58205468,-0.560836291,73.17502943,2.120490047,12.49377196,90.9444653,-5.916090366,0.038560759,3.423183875,-5.879395555,-0.089981642,0.513067658,0,0,0,0,0,0,
34.7181607,-0.492802838,75.55715687,2.254321786,12.49923678,90.64075226,-5.84650354,-0.040861986,3.18127445,-5.921784667,-0.045285038,0.380989807,0,0,0,0,0,0,
34.52632703,1.935508718,67.23396673,2.128515455,18.76400152,92.00531992,-5.741145547,3.077159861,0.231861531,-5.952969319,-0.416608115,0.529468879,0,0,0,0,0,0,
34.50295936,4.97965808,72.47951165,2.139308003,12.51332371,91.94278616,-5.810402867,2.232863492,2.422168965,-5.674284724,2.096732145,2.094041107,0,0,0,0,0,0,
34.48429932,3.196020668,72.47551011,1.53648856,18.57772193,92.32048796,-5.777114305,2.27697587,2.376689126,-5.795683658,2.344178252,2.23190686,0,0,0,0,0,0,
34.6449305,2.487454127,73.10082564,2.214952496,18.72985204,91.50169974,-5.817531972,2.818772402,1.559007483,-5.91168967,-0.354383732,0.51679545,0,0,0,0,0,0,
34.4916939,4.704770237,83.88672587,2.214058426,12.51069182,90.80087167,-5.80975024,2.815213559,1.578312784,-5.835350254,1.468976384,2.652249296,0,0,0,0,0,0,
34.51296687,0.832397401,63.50200115,2.125566217,12.71961521,92.10542935,-5.779483544,3.273433447,0.303630026,-5.966546409,-0.562879716,0.53889876,0,0,0,0,0,0,
34.60239997,-0.281224801,71.96383935,2.12212846,12.48245681,92.98724397,-5.901914659,1.567425512,3.080006261,-5.89148615,-0.199647304,0.530404453,0,0,0,0,0,0,
34.48688469,3.191025869,72.48113891,1.728775052,18.69308013,91.53820101,-5.907233627,1.427788741,3.118003076,-5.735374882,2.707788364,1.363630729,0,0,0,0,0,0,
34.66514435,0.356195726,71.96991777,2.127219888,12.56465532,91.65769774,-5.796388755,2.257819167,2.310962958,-5.904643465,-0.331126891,0.441922219,0,0,0,0,0,0,
34.64320104,3.21333245,74.35788899,2.116598633,18.56208934,91.58724812,-5.767535063,2.190519837,2.379042941,-5.641581684,2.040949221,2.16689685,0,0,0,0,0,0,
34.62182615,1.590805684,74.35201886,1.930554124,12.51542892,91.95240372,-5.792149131,2.207468539,2.328021241,-5.823979658,2.298514047,2.267462062,0,0,0,0,0,0,
24.52763462,-0.474771612,60.27178614,14.52072379,24.48749175,93.40309379,-9.252487539,-0.025348816,0.467254942,-47.05901329,0.144257695,16.06693844,0,0,0,0,0,0,
23.87902312,-0.001831321,62.23112979,14.57192084,24.50272992,91.22616948,-8.98811931,-0.01001492,0.17615708,-39.73469879,0.195715118,16.51069528,0,0,0,0,0,0,
23.84726004,0.163944621,67.91082958,14.59364364,24.50242175,91.02659488,-8.516249801,0.077301983,0.028518018,-34.94830501,0.092970914,15.99548389,0,0,0,0,0,0,
24.24224777,4.945389378,57.07402597,14.52973558,31.26035874,99.83121505,-9.100098843,-3.539794722,1.260329468,-45.91235781,21.08514539,8.626449674,0,0,0,0,0,0,
24.18876346,3.741713717,64.00219457,14.54579067,30.72715558,105.771011,-8.885118861,-2.070492379,0.439371301,-39.13110487,12.0681876,13.53812953,0,0,0,0,0,0,
24.15041802,3.421095156,69.50691722,14.6089263,30.41676554,106.3569076,-8.596886959,-1.135497254,0.088285217,-34.85033569,7.557490436,14.63161974,0,0,0,0,0,0,
24.24708818,6.999038822,58.07787586,14.45594311,36.98818983,104.753557,-9.059422897,-3.568839453,1.443103898,-43.45590226,24.21636864,1.171833699,0,0,0,0,0,0,
23.7120313,7.172800291,61.26857366,14.53591632,36.49488263,108.0433094,-8.882470465,-2.529299362,0.637830827,-37.7026045,16.79426106,7.974387253,0,0,0,0,0,0,
23.63790181,6.163640451,67.86675031,14.58001708,36.12108938,110.3556474,-8.634187135,-1.356376148,0.14736255,-33.27930459,11.62249973,10.60705609,0,0,0,0,0,0,
24.62575855,-0.465601917,63.53173723,14.63799426,24.50801048,93.38877393,-9.37714508,0.052635019,6.689778934,-47.94054452,0.045428513,15.68838203,0,0,0,0,0,0,
24.63563071,-0.46345294,65.74929361,14.69828746,24.49605426,93.48929495,-10.46612127,-0.032669928,7.87397202,-48.07697436,-0.022150309,15.86451813,0,0,0,0,0,0,
24.47104051,2.71049109,60.31852347,14.72198199,30.56498801,73.93614381,-9.194348882,5.28113509,0.53946159,-47.23083376,-0.713943329,15.96843926,0,0,0,0,0,0,
24.70268491,2.410049946,64.50420709,14.80853174,30.5446571,75.31461182,-9.620457534,4.53636173,4.666525883,-47.68875231,-0.410602981,15.75697737,0,0,0,0,0,0,
24.71898046,2.329725498,66.80510861,14.84488009,30.4209192,75.62658504,-10.58948331,3.273651327,6.898924424,-48.333762,-0.124409826,15.85035918,0,0,0,0,0,0,
24.08520179,3.942528598,57.78868879,14.43823099,30.52728431,71.94426302,-9.240259942,4.908478942,0.6025961,-47.72004251,-0.242991645,16.02276463,0,0,0,0,0,0,
24.33735453,3.872920167,62.02813376,14.49177193,30.49764856,72.03071648,-9.726231434,4.896159873,3.22647379,-48.32158358,-0.144238578,15.86659485,0,0,0,0,0,0,
24.35390611,3.802572958,64.14526663,14.52400398,30.36271738,72.10560115,-10.57882889,4.227875361,5.373120055,-48.24433062,0.050945782,16.02795882,0,0,0,0,0,0,
29.36033787,0.185585405,82.90328563,10.35986778,24.60971474,90.3037417,-15.67026339,0.066777542,-3.632898495,-5.756421796,-0.057394641,-1.779880755,0,0,0,0,0,0,
28.29212645,0.340949768,76.00103286,6.187320216,24.61596254,87.8435888,-15.33849163,0.093568947,-3.768711569,-13.24186631,-0.070171039,3.903707728,0,0,0,0,0,0,
27.45052882,-0.621777093,72.39036672,5.266275866,24.60737066,91.1073668,-14.79154135,0.074492027,-3.757449558,-18.46531036,0.124887852,6.76736486,0,0,0,0,0,0,
27.35227528,-0.319815414,75.89699385,3.901472075,24.61017338,90.27787454,-14.49740625,0.088749605,-3.887539448,-16.37939575,0.062102143,7.630256456,0,0,0,0,0,0,
27.34596313,-0.318559419,78.1432606,3.898881885,24.6108314,90.3124526,-14.24381525,0.087103904,-4.108738596,-14.46936573,0.051707731,6.976096197,0,0,0,0,0,0,
27.54469366,1.874561043,71.62895889,6.393604262,25.20505702,89.73697447,-14.70536268,-1.928517044,-3.441240321,-17.44963287,9.958591108,0.689324732,0,0,0,0,0,0,
27.25710213,1.430896931,77.94838921,3.842610359,24.72325779,91.32341945,-14.52883425,-0.607236304,-3.974863486,-16.06181337,5.715035048,5.527196305,0,0,0,0,0,0,
27.26194057,1.317340208,80.05303448,3.902418137,24.60760306,91.54429207,-14.21580491,-0.121675152,-3.933573189,-14.48989546,3.381800764,6.184031627,0,0,0,0,0,0,
27.37238702,3.52145412,73.5258627,5.003258705,30.59561254,91.36253955,-14.79312206,-0.8110787,-3.536988294,-16.7929639,8.683626727,-0.367535381,0,0,0,0,0,0,
27.32891927,3.552114298,76.65933398,4.860975282,30.46389151,91.46887253,-14.62088402,-0.304614654,-3.744458128,-15.34863129,6.731149308,2.681132823,0,0,0,0,0,0,
27.25322392,3.578419674,80.03541474,3.835169781,30.37300914,91.37076467,-14.29431846,0.178284927,-3.897424801,-14.06095567,4.755173572,4.350491575,0,0,0,0,0,0,
27.5668133,-0.308354857,74.47374133,5.298274024,24.60794787,90.14465956,-14.89351952,-0.121387482,10.42693059,-19.33158253,0.036046733,6.380835517,0,0,0,0,0,0,
27.46556692,1.592279992,81.2109376,5.666477214,24.68328614,90.69629438,-14.34681296,-0.163365453,10.14305949,-16.83393932,6.051884675,5.850723626,0,0,0,0,0,0,
27.38783538,3.80685825,84.61156675,5.612386227,30.31327978,90.86412848,-13.7896516,0.418351202,9.868050145,-14.48532576,4.886777413,4.574868755,0,0,0,0,0,0,
27.65923233,-0.011107255,81.02845174,5.697890265,24.55940615,89.33979504,-15.88132606,0.029249286,11.74845344,-19.53573802,0.064358382,6.366735837,0,0,0,0,0,0,
27.55909752,1.259323155,85.52478681,5.801731597,24.67965867,91.67233141,-15.6330341,-0.117382222,11.56981215,-17.27489864,6.374341253,5.883503067,0,0,0,0,0,0,
27.51764753,3.261572971,87.99974183,5.697234154,30.28198308,91.90944443,-15.41210199,0.132231944,11.44359788,-15.31517084,5.38382702,4.858992298,0,0,0,0,0,0,
27.54034192,3.731171192,70.76557014,5.389668448,31.01251908,89.32457861,-14.43205231,8.699810027,-0.316585049,-18.56040042,-1.814888405,6.588897653,0,0,0,0,0,0,
27.28619195,5.882642373,76.74992355,4.43538953,24.82053216,88.89227453,-14.30940002,8.895514966,-0.275156401,-16.25666085,5.673873855,5.895278916,0,0,0,0,0,0,
27.28744917,7.657676484,79.37276411,4.326487541,24.60771801,90.00407296,-13.98008302,8.582695634,-0.068640633,-14.27194047,5.005237154,4.455164785,0,0,0,0,0,0,
27.64068777,4.040558434,74.90266386,5.840305801,30.94700419,88.47550287,-15.2378954,7.209901052,7.274657787,-19.28640181,-1.231168571,6.316576955,0,0,0,0,0,0,
27.47551662,4.355667222,79.78116761,5.923905369,30.86786847,87.53424091,-14.76644639,7.164649795,7.094318341,-17.10569435,-0.28163663,8.188394561,0,0,0,0,0,0,
27.37120207,3.948974032,84.12121695,6.003218647,30.82581418,87.84938611,-14.16534629,6.96362637,6.849828558,-15.12584525,-0.26036284,7.488935145,0,0,0,0,0,0,
27.68692932,6.416554032,74.54938659,6.585984718,24.59967078,86.96869922,-15.29441396,6.964254749,7.983103785,-18.50713437,10.77499227,0.678359652,0,0,0,0,0,0,
27.40806639,6.148859075,81.07095494,6.014513516,24.75378145,87.77254787,-14.666499,7.095535212,7.325381268,-16.90236205,5.915434727,6.098806314,0,0,0,0,0,0,
27.48867597,8.00480255,77.94593974,5.907769703,24.58025386,88.9532197,-15.54518541,6.992671649,7.825981264,-18.03972696,9.588382353,-1.16067379,0,0,0,0,0,0,
27.39837641,7.881832696,83.63791463,5.844608796,24.57868274,89.09864605,-14.18295987,7.03515718,6.869684316,-14.53209022,5.03416286,4.612920821,0,0,0,0,0,0,
27.71246269,3.328345321,79.6646409,5.755693909,30.60871761,89.52368351,-16.07829211,5.0056062,10.19670328,-19.52870661,-0.63303976,6.513863516,0,0,0,0,0,0,
27.56307899,4.469123912,70.36389984,5.351377948,30.60667025,92.33674328,-14.43040465,7.770689105,0.321241568,-18.68901373,-1.020291824,6.681556007,0,0,0,0,0,0,
27.30746652,6.602769617,76.31931586,4.577904701,24.54845627,93.35216672,-14.15321057,7.848311875,0.410950371,-16.29820642,5.677893157,5.830579,0,0,0,0,0,0,
27.31364784,8.646381642,78.55308955,4.746416081,24.52222213,94.73306892,-13.60345245,7.436046993,0.486526288,-14.1090125,4.925590775,4.258674084,0,0,0,0,0,0,
27.57122939,4.407448336,73.28576745,5.311962111,30.50226887,92.41187813,-15.41008519,7.93369121,4.460801696,-19.31964514,-1.04670919,6.504217347,0,0,0,0,0,0,
27.66737089,4.172948783,77.45019583,5.307188988,30.34011615,92.87473066,-15.93664736,6.625185243,7.573339357,-19.55031921,-0.697436121,6.876654504,0,0,0,0,0,0,
27.49721444,4.445045172,82.45197747,5.317809105,30.36327468,92.54497121,-15.7876951,6.631195131,7.554748998,-17.49493491,0.012618439,8.365032614,0,0,0,0,0,0,
27.41569772,5.378883233,86.97101928,5.338225365,24.4745179,91.91469198,-15.48888244,6.573929823,7.439633132,-16.01885636,-0.278520832,8.079105909,0,0,0,0,0,0,
27.76886386,7.384211804,79.20232304,6.493706714,30.599039,91.14542304,-16.12192959,6.882681925,7.866119717,-18.80700257,10.92179398,0.678854483,0,0,0,0,0,0,
27.42163865,6.246869735,83.81404839,5.217560795,24.43664207,94.2878042,-15.807294,6.720237705,7.646642268,-17.14970575,6.231311901,5.97206759,0,0,0,0,0,0,
27.50387671,8.33176812,80.07036081,5.152428643,24.42206383,95.57697538,-15.95779437,6.856762918,7.605428933,-17.91001494,9.500212332,-0.9114646,0,0,0,0,0,0,
27.43641081,8.285859401,85.99198527,5.304036157,24.45409581,95.77791277,-15.68088614,6.139575002,7.895068312,-15.50152695,5.334513664,4.834363595,0,0,0,0,0,0,
23.27120921,-0.593224299,86.23372534,18.48675511,30.18054328,90.70757991,-34.64378042,-0.01150909,-13.23022987,-4.971578098,0.052364568,-2.649295957,0,0,0,0,0,0,
22.87322295,-1.43349173,84.47141923,15.67684649,35.82901645,94.20618112,-32.77009836,-0.08337466,-12.73517627,-11.3674109,-0.0061315,1.706636934,0,0,0,0,0,0,
22.39476596,-0.896647914,88.45562855,14.01814267,35.85847104,90.57936322,-32.54898096,-0.088015283,-12.96424904,-10.27218447,0.005540232,4.427608055,0,0,0,0,0,0,
22.20233086,0.162239574,90.44493423,13.9810085,35.83876739,89.66605144,-32.47693717,-0.010768385,-13.22085356,-9.044683747,-0.036762798,3.935726436,0,0,0,0,0,0,
22.87067652,0.256420135,84.4250261,15.51506421,35.81462047,85.64761972,-32.78844835,-0.811843243,-12.84225922,-10.9229038,6.595289791,-0.957459536,0,0,0,0,0,0,
22.3958088,0.507364536,88.4478265,14.04727171,35.86682487,84.16037245,-32.65575801,-0.2824689,-13.0610617,-10.16727462,3.814164081,2.907004187,0,0,0,0,0,0,
22.22860013,0.494472938,90.73881449,13.99356221,35.89571157,84.24897604,-32.69325877,0.14278107,-13.25314367,-9.045188541,2.13967741,3.475369215,0,0,0,0,0,0,
22.75971517,1.270388543,84.60388205,15.51104689,36.3618124,80.63626284,-33.18048333,0.063090028,-13.00635602,-10.67161367,5.780918257,-1.282243126,0,0,0,0,0,0,
22.2919047,2.293674891,88.04732369,13.93236875,36.36322458,78.90829955,-32.85445058,0.209547711,-13.13405098,-9.644041929,4.4653635,1.420684256,0,0,0,0,0,0,
22.20929113,2.232447707,89.21150622,13.84040069,36.42801762,78.88165713,-32.79185237,0.575117137,-13.39805136,-8.698832044,2.977307416,2.461496158,0,0,0,0,0,0,
20.8306653,-0.987309322,69.95796122,8.287743541,35.47198725,91.08985972,-28.23276995,0.007697724,-9.856601742,-41.48000433,-0.09662596,12.32934317,0,0,0,0,0,0,
20.51190846,-0.486201108,74.96057374,7.463498088,35.49770409,89.9506795,-27.89865966,0.082217194,-9.852965701,-34.07017838,-0.017854656,12.17922029,0,0,0,0,0,0,
20.25596064,0.103914782,81.10275077,7.203973766,35.50969768,89.49573832,-27.48021208,0.031236703,-9.774603565,-29.27793634,0.039331993,11.4591807,0,0,0,0,0,0,
20.91999469,2.451616562,70.32480941,10.91724968,36.5174484,88.08641215,-28.32669656,-3.295674454,-9.691744828,-40.01979925,17.97656841,5.72712961,0,0,0,0,0,0,
20.54909832,1.705457117,75.87998182,7.202928539,36.0543298,89.85697334,-27.9261201,-1.298216369,-9.846082723,-33.63418659,10.02164256,9.740447124,0,0,0,0,0,0,
20.30848486,1.426783699,80.54941688,7.168580051,35.8488797,90.31915894,-27.55580666,-0.253508734,-9.862112157,-28.84188739,6.277038639,10.0744539,0,0,0,0,0,0,
20.93428833,5.027528192,69.7522914,10.79734657,42.40275567,87.9739038,-28.60790905,-2.453950729,-10.03771464,-37.71578702,20.82454219,-0.148502008,0,0,0,0,0,0,
20.61921314,3.73183975,74.74397576,7.368064853,42.01992952,90.35984519,-28.51369665,-1.045747249,-9.994013619,-32.06148455,14.31284028,5.419657073,0,0,0,0,0,0,
20.30532939,3.669954927,80.52668154,7.081204427,41.78729453,90.56365371,-28.13833544,0.15321939,-9.993025106,-28.03166484,9.850081561,7.480982163,0,0,0,0,0,0,
23.13790633,-0.404919509,91.44609329,15.69431017,35.88373597,93.41357113,-31.01231935,-0.028917528,21.63488542,-11.33350667,0.020987103,0.190287179,0,0,0,0,0,0,
21.16884752,-0.901430936,77.031169,9.529414173,35.57370466,90.84525103,-26.45788619,0.053588133,20.62508204,-42.17508193,0.034864022,12.69939892,0,0,0,0,0,0,
22.84368834,5.27413447,85.33842785,15.2208767,37.18678869,96.13549898,-32.47426256,18.49637421,-5.958665144,-11.1833309,-3.975008166,0.480573585,0,0,0,0,0,0,
21.17439064,4.642923943,70.35166602,10.14824961,41.79982251,87.72795173,-27.50047535,15.53039252,-3.737479597,-41.62680112,-3.060078603,12.2637311,0,0,0,0,0,0,
23.24397257,5.925057885,92.79060481,15.23163746,37.54880823,94.74154912,-32.83325383,18.43533211,15.48999095,-11.27301699,-3.79180782,-0.46479082,0,0,0,0,0,0,
21.23254076,4.652225186,77.96824663,11.09637165,42.20065587,86.68536064,-28.15333536,17.94545422,12.8214953,-42.1375427,-3.698625656,12.42727249,0,0,0,0,0,0,
21.14787359,7.548449084,84.08061932,11.18908551,35.82593466,84.28803757,-28.06597173,17.43386086,13.58107527,-34.81679445,9.228503762,11.01836235,0,0,0,0,0,0,
21.1935091,9.548915047,86.76522115,10.99178077,35.52505757,84.93964561,-27.99599536,17.61126363,12.89917969,-29.15635249,10.45156322,8.254380359,0,0,0,0,0,0,
22.79591722,8.722627968,85.84074431,15.34419203,37.38580723,102.5167809,-31.52159154,18.90100529,-1.232648727,-10.99633214,-3.502477718,0.767004868,0,0,0,0,0,0,
21.00800378,4.908398763,71.84415319,8.272327419,42.16054231,92.31827679,-26.72107889,16.05285265,-0.036516751,-41.6219169,-2.087311217,12.71880564,0,0,0,0,0,0,
23.18198249,8.953071876,90.63551697,15.2735281,37.76171572,101.5632495,-33.67954724,21.63664769,8.784508775,-11.26576156,-3.924758376,0.114524447,0,0,0,0,0,0,
21.25602598,6.509939867,78.11226783,10.45597408,47.76308284,90.10837816,-28.71162165,18.89920025,8.087420282,-42.29738444,-2.573712268,12.76726021,0,0,0,0,0,0,
17.75004063,-16.60624383,68.58176763,41.42098019,41.90318944,44.79512361,-6.012383017,0.403983954,-0.319395654,-0.129749824,6.210006712,0.403970231,0,0,0,0,0,0,
17.76397447,-16.60344365,71.10598538,41.40005949,41.92658879,44.82426184,-6.073485606,0.461311829,-0.460154386,0.02813813,6.092943827,3.470798789,0,0,0,0,0,0,
18.30055484,-16.60407016,70.42515784,41.40986126,42.08608025,45.75614323,-6.026999249,0.404944868,-0.391122607,0.004380211,6.091054294,3.379017412,0,0,0,0,0,0,
21.1415345,-15.7527748,69.33740731,35.11558755,41.88084899,49.86617621,-6.02896587,0.529893304,-0.303511254,3.428341324,6.239470206,-0.211489544,0,0,0,0,0,0,
21.08939356,-15.75088035,71.73312724,35.25659119,41.98062278,49.76072237,-6.183206853,0.482832116,-0.402717775,2.164976882,6.1457622,2.637066621,0,0,0,0,0,0,
20.76497184,-16.58948797,70.39789931,35.16533016,41.89133608,50.41326131,-6.155403057,0.431395458,-0.342878829,2.850586919,6.130403756,1.653729589,0,0,0,0,0,0,
22.12835819,-13.84494046,71.87578702,34.83145967,41.84953389,48.78736998,-6.001590391,0.569092161,-0.314178689,3.51746547,6.26996525,-0.288030959,0,0,0,0,0,0,
21.98997366,-13.8251445,73.99856258,35.14494562,41.71631993,48.44253334,-6.145751722,0.434773095,-0.408041839,1.50552694,6.170494175,3.234581578,0,0,0,0,0,0,
19.47726837,-15.75757968,71.73027663,41.26619961,41.79967498,46.52291942,-6.100368107,0.458883101,-0.370116626,2.260550309,6.211437311,2.670814422,0,0,0,0,0,0,
17.75463464,-16.61111079,71.34383912,41.42005622,41.88092099,44.77281676,-6.069160795,0.392266293,3.319006954,-0.331185607,6.189490999,0.323955277,0,0,0,0,0,0,
19.83558753,-14.69752954,72.66994426,41.99294503,41.8870373,44.69117357,-6.040589153,0.350658627,3.109466392,-0.27995548,6.192939787,0.351187641,0,0,0,0,0,0,
20.32544306,-14.69679856,74.30754249,41.9947549,42.06151618,45.64731057,-6.065148122,0.215971118,3.15080729,0.018409373,6.011988644,3.419833449,0,0,0,0,0,0,
23.92033973,-12.06600701,76.07269041,35.42946792,41.8008231,48.6437674,-6.035584874,0.399660149,3.156776941,3.449386155,6.22494272,-0.313110116,0,0,0,0,0,0,
18.52575483,-12.99535436,68.10953559,42.35473087,48.23191333,48.73721073,-6.129461082,3.287202229,-0.008874243,-0.189861075,6.155333091,0.396251301,0,0,0,0,0,0,
17.82675743,-14.18767124,70.21551865,42.50620853,48.06585641,48.09934407,-6.05904127,2.382023348,2.471782696,-0.300926995,6.096059168,0.416900037,0,0,0,0,0,0,
19.67038419,-14.86680418,72.48871775,35.21702538,48.10145467,53.31794804,-6.085716116,2.493189773,2.295346384,2.154024918,6.045429457,2.51065928,0,0,0,0,0,0,
17.89170662,-14.87038345,72.48724278,41.22713138,47.86140609,50.1629241,-6.024290202,2.453348352,2.345165013,2.333170358,6.108253862,2.549982508,0,0,0,0,0,0,
18.50876758,-13.01061666,70.93046848,41.99734977,48.21529464,48.740913,-6.100870853,3.040387207,1.428305104,-0.259701159,6.132635922,0.381725194,0,0,0,0,0,0,
16.96842991,-16.91716412,67.2395078,41.54829759,42.24547479,45.44767515,-6.086281643,3.40630555,-0.001380839,-0.047401452,6.175431116,0.329637603,0,0,0,0,0,0,
17.53371636,-16.91679493,69.16895402,41.54981539,42.39896468,46.38840913,-6.050902672,3.439644094,-0.041751905,0.09678046,6.174968312,3.380400757,0,0,0,0,0,0,
21.45264012,-14.08370395,70.49742336,34.96725369,42.13842789,49.37186008,-6.074596372,3.457988701,0.023426727,3.522526459,6.290866986,-0.32624371,0,0,0,0,0,0,
16.98505449,-17.06299706,69.88001616,41.69312691,41.93186121,45.18315772,-6.077468117,1.770243497,3.026959044,-0.261917446,6.138396569,0.342009393,0,0,0,0,0,0,
18.54827589,-15.32387202,70.94628172,41.81771235,42.03311629,45.48391498,-6.07759416,2.507538625,2.276183769,-0.222237754,6.173884646,0.308759828,0,0,0,0,0,0,
21.773224,-14.45464016,74.06752778,35.66705307,42.08863829,50.3751542,-6.217591692,2.411404579,2.239532018,2.142663082,6.071819725,2.631690882,0,0,0,0,0,0,
20.23115024,-14.46913255,74.06367428,41.66801901,41.89268788,47.16534107,-6.080232551,2.554772983,2.25345672,2.269181923,6.175752723,2.668805009,0,0,0,0,0,0,
13.98247817,-12.04876094,63.64720431,43.57090561,29.38688669,29.37564307,-13.53489077,0.386117343,1.617202257,-0.650171982,38.55411708,14.34510879,0,0,0,0,0,0,
14.2035863,-11.92100699,68.1877313,44.93217363,28.94670885,27.97570874,-13.64612006,0.495747567,1.260817883,-0.371042792,35.5450464,18.92671369,0,0,0,0,0,0,
14.26174434,-11.90783551,71.04479252,44.91750349,28.83895001,27.99247401,-13.82406918,0.545983229,1.042449938,-0.119279533,33.45351201,19.1577666,0,0,0,0,0,0,
17.65344526,-12.69515659,62.95116675,41.91219087,31.64778672,34.05448762,-13.74571516,1.833403494,1.62633139,20.48173055,38.84281831,10.41394378,0,0,0,0,0,0,
18.43695649,-12.1205539,66.88057177,37.54031085,30.32343431,35.7840076,-13.871058,1.115413769,1.444789323,11.93381685,35.82625029,17.04827608,0,0,0,0,0,0,
18.50330341,-11.51222754,71.1850203,38.32538627,29.64872669,34.10588814,-14.10971418,0.711008698,1.280512155,8.423179583,33.69444945,17.96286665,0,0,0,0,0,0,
20.77191124,-13.18904502,62.07495929,35.9375634,32.24451254,43.42761412,-14.37408863,2.201725396,2.481073871,25.77685788,38.35887187,3.413010076,0,0,0,0,0,0,
21.77636061,-12.20942884,66.81077354,31.38809894,30.92521055,45.78924112,-14.42301928,1.53104372,2.117247163,18.91280562,35.65773714,11.10305108,0,0,0,0,0,0,
20.64040046,-12.41800239,70.11356924,32.3730232,29.74617324,42.77939412,-14.66748364,0.827238354,1.829928219,13.73626088,33.47448146,14.38409618,0,0,0,0,0,0,
15.180837,-11.28689143,69.08163479,43.65188782,29.26694784,29.81913004,-13.55735206,0.082451852,8.004489964,-0.614751979,38.52613118,14.38272998,0,0,0,0,0,0,
15.35583865,-11.18616457,73.33489465,44.91870336,28.82655229,28.52123242,-13.62801518,0.175854505,8.064247694,-0.305542483,35.46067168,18.86020937,0,0,0,0,0,0,
19.76529654,-11.61448003,69.30844536,36.13902496,31.36095407,37.76311414,-13.6969214,0.432232532,8.068016176,20.66762047,38.58269633,10.43424577,0,0,0,0,0,0,
15.86427732,-10.26210687,73.20378017,43.61577718,35.41618755,32.2624191,-13.78335788,0.054955285,8.36827942,-0.403906127,38.11249494,14.47863276,0,0,0,0,0,0,
14.74520896,-8.240915943,66.07817342,43.79242324,36.36834032,38.57551101,-13.51437484,7.864492807,0.117126771,-0.392409567,38.55361642,14.48816454,0,0,0,0,0,0,
14.88894628,-8.033607234,70.35121092,44.32052583,35.91529091,37.38191017,-13.61204575,7.872706023,0.090996986,-0.211147891,35.27432745,18.77599601,0,0,0,0,0,0,
19.40316631,-8.56408127,66.22981261,35.61530945,38.17785588,47.59998878,-13.61200018,7.520444165,0.133822125,20.51041914,38.65012958,10.11554119,0,0,0,0,0,0,
15.17543444,-8.473189805,69.04107196,44.61862025,35.73624996,37.30685084,-13.38652894,5.239473222,5.449098224,-0.222461875,38.26065104,14.57466533,0,0,0,0,0,0,
18.96263977,-8.591917658,71.79942434,37.23750577,36.49679536,45.39429871,-13.66743963,5.256189568,5.324744048,12.04606167,35.38276609,16.689364,0,0,0,0,0,0,
21.60856121,-9.125318264,74.90636634,33.2270702,36.13318238,51.83137907,-14.24426976,5.293907289,5.588745999,13.42177192,32.8054853,13.52231951,0,0,0,0,0,0,
15.192864,-8.650455692,71.69185505,44.81918353,35.43146998,36.82447306,-13.43198673,3.510903477,6.845727183,-0.23120299,38.05643202,14.57004543,0,0,0,0,0,0,
14.77644362,-6.233442907,65.47690091,44.63149432,41.35471747,43.03877039,-12.95484342,6.439566997,0.015327622,-0.496898827,38.31172664,14.65733254,0,0,0,0,0,0,
14.78436423,-6.280948553,68.07662872,44.71136383,41.24655204,42.9255033,-12.94472832,5.748181155,3.146386232,-0.472580102,38.11776486,14.77161229,0,0,0,0,0,0,
14.00580658,-6.997074718,70.04755638,44.85893655,41.07309868,42.42029872,-12.93129187,4.647051068,4.868040242,-0.346254146,37.79886148,14.90513713,0,0,0,0,0,0,
18.64016248,-6.483176359,73.45949018,37.50406504,41.7667654,50.96913988,-12.95839877,4.593981988,4.86755879,11.887866,34.86898329,16.40490433,0,0,0,0,0,0,
18.31171707,-10.00198178,73.64071847,35.08369503,41.7622389,49.68567088,-16.0398675,0.286674466,-0.446797169,-0.786166851,17.43373879,3.605388734,0,0,0,0,0,0,
18.35951677,-10.01046529,75.67816223,34.9545303,41.92847515,49.85660414,-16.0397996,0.326455602,-0.798396123,-0.273303548,17.06105113,9.647073677,0,0,0,0,0,0,
18.40292837,-10.00970113,77.60464312,34.85263456,41.98454773,50.0131091,-16.25825525,0.456288991,-0.82375396,-0.25272481,16.39572366,9.772155064,0,0,0,0,0,0,
19.52955623,-10.93106338,72.19976133,33.05802845,43.09712511,55.57250168,-16.05555463,1.368475462,-0.576217328,11.64930536,17.75877328,0.67027885,0,0,0,0,0,0,
19.6673692,-10.45738794,74.83459416,34.13141339,41.99653036,55.08808218,-16.30442994,0.798818775,-0.567834082,6.783431968,17.13213832,7.747550127,0,0,0,0,0,0,
18.93144283,-11.02285072,76.16774162,35.87022905,42.36131001,53.10473081,-16.51795886,0.639802722,-0.575486393,4.550300655,16.71016153,9.004062745,0,0,0,0,0,0,
21.75874098,-9.521981172,74.14191616,28.24791698,41.09289289,61.80640095,-16.36986016,1.047951444,-0.114162479,10.60980412,17.85654015,-0.41876988,0,0,0,0,0,0,
21.17290918,-10.12173466,74.97878705,29.83078842,40.86790724,60.01896476,-16.57338087,0.826273128,-0.196800001,8.877129313,17.1625298,4.226316087,0,0,0,0,0,0,
20.47669719,-10.98250372,76.5238658,30.28941103,41.10411951,59.19827158,-16.73577621,0.560036704,-0.398129909,6.891473635,16.71400381,6.710846968,0,0,0,0,0,0,
18.31863019,-10.05520746,77.22361077,35.31031598,41.60518439,49.58110699,-15.88338825,0.000366745,9.777488872,-0.928679112,17.43306745,3.48146719,0,0,0,0,0,0,
18.37057421,-10.06064019,79.2684568,35.16746453,41.80707072,49.75860122,-15.96090716,-0.040767737,9.955374837,-0.274320216,16.84039706,9.667162395,0,0,0,0,0,0,
19.54529949,-11.05029079,75.62291575,33.29021761,42.9339807,55.40314528,-15.95877302,0.504572394,9.908036095,11.64875616,17.74018237,0.634910329,0,0,0,0,0,0,
18.31969307,-10.05103034,80.58589971,35.29347781,41.54434416,49.57231937,-16.19422296,0.090916256,10.42175116,-0.726270896,17.30302342,3.425372773,0,0,0,0,0,0,
18.34776274,-5.259850655,73.66876807,35.87913754,49.09217095,55.6042187,-16.19851039,10.0883148,-0.232603924,-0.17779639,17.5227803,3.618967189,0,0,0,0,0,0,
17.36717066,-6.339382425,75.08269937,35.87120595,49.23723018,54.86152186,-16.2036372,10.15728233,-0.255618934,0.036874347,17.05882357,9.778293099,0,0,0,0,0,0,
20.06755032,-6.057494531,72.71737065,33.82730293,50.13567151,61.85644312,-16.09053583,10.01853981,-0.176286881,11.74613353,17.6817896,0.682978613,0,0,0,0,0,0,
18.06244799,-6.202229534,77.01470422,35.59665179,48.29397499,55.027304,-16.01091419,6.813123607,7.21645319,-0.494011438,17.33054768,3.539839135,0,0,0,0,0,0,
19.18351662,-8.002419079,77.38197982,34.72504722,49.02278323,60.17394587,-16.17218996,7.091384334,7.043657749,6.785272467,16.95131826,7.748465477,0,0,0,0,0,0,
20.98959259,-7.055706581,81.60292797,30.09091654,47.88954075,62.91232751,-16.60011282,7.0167541,7.180206357,6.572146141,16.23668986,6.416069626,0,0,0,0,0,0,
16.90824092,-9.304441573,78.02831688,35.41890846,41.66091028,51.69890662,-16.17135171,4.566038269,8.988128446,-0.460340253,17.2333011,3.539747032,0,0,0,0,0,0,
17.87654179,-5.648804089,72.79785104,36.2948978,47.69027409,55.80730561,-15.64317837,8.44584755,-0.123814949,-0.390340647,17.23927209,4.024513372,0,0,0,0,0,0,
17.57717842,-5.874527855,75.93299349,36.36287144,47.55447918,55.94866998,-15.73489262,7.7426213,3.914415392,-0.498246587,17.17546895,3.92567338,0,0,0,0,0,0,
17.02813068,-5.397475421,78.6953474,35.149586,47.05498771,55.50221733,-15.87127559,6.238928302,6.448073648,-0.450469489,17.06715837,3.907303365,0,0,0,0,0,0,
18.38022908,-5.427267968,80.85475056,34.31880486,46.5097885,59.078649,-15.89722188,6.162130346,6.493105511,6.8179107,16.49376244,7.385050159,0,0,0,0,0,0,
20.65521265,-5.925632446,83.23692742,31.32746706,46.96727407,63.72696687,-16.09904463,6.305209111,6.50395855,6.262293823,15.70696038,6.127529426,0,0,0,0,0,0,
12.46884644,-9.825196898,71.24755065,37.2319738,35.86533249,48.38938881,-35.23377971,0.024650779,-2.206133757,-0.040461828,41.18886816,12.61980275,0,0,0,0,0,0,
15.16271946,-10.62783385,70.0917118,34.0974724,38.76751165,64.57825409,-35.73353257,1.409518515,-2.286884184,23.64451102,42.05451469,10.71101252,0,0,0,0,0,0,
12.86819222,-9.566850731,76.32990443,37.97233844,35.28967025,47.03879576,-34.41754398,-0.358184452,22.959568,-0.295231369,41.51926681,11.63983226,0,0,0,0,0,0,
12.82318361,-2.869561805,72.97385801,38.9820188,44.5987296,56.85077108,-34.79829098,19.90907748,-3.260692896,1.320206031,40.76854333,12.80324175,0,0,0,0,0,0,
12.08651153,-4.405247279,75.3046427,36.73068398,43.50356578,56.31998528,-34.36511545,13.4341534,18.29034817,0.308751039,41.19315796,12.04211071,0,0,0,0,0,0,
14.94163386,-21.20943998,61.48614014,45.91448668,41.9021826,40.77339952,-1.689542725,-0.013406488,0.004534744,-0.310638542,5.92873108,0.501607238,0,0,0,0,0,0,
14.29876354,-18.05724067,58.50301665,46.02776675,35.16929139,34.63181624,-2.207711112,0.050344126,-0.084191135,-0.353270576,16.0835827,5.032966169,0,0,0,0,0,0,
8.731326394,-16.52778813,51.95911265,52.31037212,23.34221657,20.42347029,-2.845568764,-0.568668069,0.267307566,-0.006143337,37.04287123,14.96336408,0,0,0,0,0,0,
17.27175567,17.41168893,67.2358799,41.39862546,41.78619836,134.7925608,-6.057341879,0.046025064,-0.271890061,-0.275212131,-5.965142295,0.253739915,0,0,0,0,0,0,
17.31290752,17.41036254,69.87798997,41.31202868,41.83587381,134.7370555,-6.013615759,-0.042066154,-0.349140805,0.146939231,-5.857294664,3.455047852,0,0,0,0,0,0,
19.75318517,14.80743433,70.24058898,41.35735717,41.30862608,134.8235181,-6.047811992,0.075236519,-0.300545329,0.092706505,-5.930816486,3.127663623,0,0,0,0,0,0,
20.82148931,16.6230276,68.12410772,34.98087773,41.73905617,129.4688762,-6.085997627,-0.191475016,-0.153074765,3.192577357,-6.014984785,-0.178794552,0,0,0,0,0,0,
21.12116524,15.76905699,70.79609347,35.15380098,41.79551487,130.2222995,-6.075725213,-0.256234451,-0.235896424,2.2730242,-5.935395114,2.390127854,0,0,0,0,0,0,
21.16390427,15.77813058,70.77940905,35.05594034,42.02113126,130.1025625,-6.069628937,-0.192551145,-0.222284053,2.8782373,-5.990784622,1.610360193,0,0,0,0,0,0,
22.13425856,13.84209252,69.81570813,34.77938193,41.64978302,131.2783672,-6.059608584,-0.158838225,-0.254088056,3.197714516,-6.091412884,-0.024465401,0,0,0,0,0,0,
22.00403369,13.83113186,71.93422251,35.08210988,41.52823518,131.6103848,-6.028750418,-0.156910689,-0.294068096,1.513423912,-5.961972033,3.168153305,0,0,0,0,0,0,
22.08210262,13.86841431,71.921428,34.87509215,41.88055768,131.3455518,-6.056236071,-0.159076721,-0.292717697,2.226946813,-6.029173336,2.365057762,0,0,0,0,0,0,
18.29136793,16.64638593,70.22809465,41.38630763,41.74598743,134.2983413,-6.009388968,0.074803099,3.479295096,-0.291890867,-5.98781917,0.067883248,0,0,0,0,0,0,
19.32977181,15.49243999,70.17177625,41.97893122,41.7617884,134.8970863,-6.105558288,0.083855871,3.080773214,-0.325449568,-5.944902543,0.120600302,0,0,0,0,0,0,
21.16217023,13.80798622,73.19842077,41.93964646,41.29234209,135.3271867,-6.034648635,0.137690763,3.183720117,-0.04094262,-5.966861365,3.138728303,0,0,0,0,0,0,
23.39988473,12.90795739,72.94369627,35.36521566,41.60467542,131.8110418,-6.106331534,0.04062336,3.148519472,3.220206372,-6.054733056,-0.102027244,0,0,0,0,0,0,
19.0706314,18.91513251,66.60002337,42.35465108,35.36679754,139.3537108,-6.132076052,3.167393724,-0.079963611,-0.551217243,-5.963045745,0.165207857,0,0,0,0,0,0,
17.26820701,20.53710121,69.86824778,41.2987963,35.53390025,140.4446988,-6.053413024,2.193913826,2.434651609,-0.398753782,-5.993586143,0.088568611,0,0,0,0,0,0,
21.13218755,19.1994011,73.67314161,35.07029541,35.47862396,135.8550702,-6.04153191,2.258049279,2.580840101,2.356905104,-5.969317398,2.352486971,0,0,0,0,0,0,
22.09122061,17.64595388,75.08831536,34.79094656,35.58312041,136.9352446,-6.053652945,2.23738956,2.569173615,2.210317621,-6.051327489,2.354303573,0,0,0,0,0,0,
19.6983617,18.63270079,70.36856159,41.83939804,35.40201745,139.7012836,-6.038881403,2.810622855,1.404164403,-0.527194577,-5.977938429,0.169154011,0,0,0,0,0,0,
15.77652477,20.5983399,64.89357895,42.33146171,35.16119913,138.5023709,-6.069639373,3.252116004,-0.088894686,-0.545477891,-5.946529696,0.219806423,0,0,0,0,0,0,
18.29917206,18.22984642,67.8450866,42.25944549,34.68266821,138.5922306,-6.107769588,3.370358166,-0.128694637,-0.192470136,-5.964742888,3.101386054,0,0,0,0,0,0,
20.88988134,17.3853944,67.23956693,35.6120278,34.99443841,135.0512294,-6.042543671,3.279354293,-0.080350069,3.250737472,-6.036858776,-0.014850341,0,0,0,0,0,0,
17.36825309,18.22602637,70.95112927,42.43710656,41.68597793,136.4887212,-6.134364746,1.559894354,3.141379856,-0.366679451,-5.989602394,0.074727971,0,0,0,0,0,0,
18.36532471,17.54988301,69.08040666,41.72591773,41.579559,136.0155131,-6.091594646,2.222570049,2.271305229,-0.45845248,-5.949686577,0.146043198,0,0,0,0,0,0,
21.21262178,16.75110657,72.49084158,35.44836021,41.5299502,131.9897942,-6.078965867,2.28324204,2.432100574,2.280923098,-5.982447705,2.349937352,0,0,0,0,0,0,
22.17874579,14.94297397,73.78508254,35.18899992,41.62748009,133.1240003,-6.046070106,2.275339976,2.406960571,2.205550968,-5.932029382,2.342592094,0,0,0,0,0,0,
14.65023648,11.92758067,65.96731696,45.28654796,28.61571685,151.4920841,-14.44610167,-0.1901234,1.704970547,-1.112245191,-32.57679545,7.744095735,0,0,0,0,0,0,
15.8797235,11.04140216,69.87865838,45.11105941,28.55171149,152.0611711,-14.52480366,-0.44514961,1.321484563,-0.321207819,-31.77184403,18.32436842,0,0,0,0,0,0,
14.21440819,11.86678794,72.24990617,44.95711447,28.39188464,152.0533108,-14.622106,-0.432552483,0.955718568,0.250543155,-30.93802641,18.76543688,0,0,0,0,0,0,
19.43760433,12.29171939,64.58562529,35.75444888,31.59415737,141.2816265,-14.40652377,-1.921000783,1.905333617,19.37997654,-33.09475404,6.978411962,0,0,0,0,0,0,
20.08951396,12.0188001,69.32036514,38.6934787,30.05155917,147.3954722,-14.77770864,-1.181938818,1.501020582,12.13435248,-32.36243997,17.02396317,0,0,0,0,0,0,
19.31854256,12.37234222,72.13966493,39.49627602,29.48553067,147.9691821,-14.87085044,-0.842320188,1.309332418,8.710964493,-31.44532055,18.08323048,0,0,0,0,0,0,
22.30157,13.74261805,65.03923127,36.50814497,32.7603191,135.8381262,-15.10718867,-2.0695634,2.51246146,25.58680661,-33.92050544,3.792124409,0,0,0,0,0,0,
22.82121955,13.07394345,69.56259804,32.09548699,32.92861509,133.6526953,-15.3621292,-1.380266851,1.872393734,19.6374878,-32.99738184,11.96074302,0,0,0,0,0,0,
22.4994435,13.01090043,72.26587934,34.73663646,32.12668632,138.6519548,-15.71614385,-0.831930966,1.502664458,14.74762595,-32.09179055,15.25844524,0,0,0,0,0,0,
17.01880014,14.73194332,68.64442731,46.5049911,30.62376062,163.5374642,-14.79834446,10.78149545,0.656298662,-2.082408575,-32.9144793,7.757746134,0,0,0,0,0,0,
15.65771167,10.67028001,72.51154239,45.48311135,34.5302039,148.6047746,-14.22573316,0.679437821,8.389934662,-1.518541569,-32.38600942,7.276283972,0,0,0,0,0,0,
17.01880014,14.73194332,68.64442731,46.5049911,30.62376062,163.5374642,-14.79834446,10.78149545,0.656298662,-2.082408575,-32.9144793,7.757746134,0,0,0,0,0,0,
16.00847918,13.67628466,70.27173161,45.92116637,27.87442039,158.0539429,-14.72579266,6.773527533,6.454969247,-1.723696278,-33.06358239,7.219762188,0,0,0,0,0,0,
16.29252974,13.0242306,73.1893052,45.65945286,28.39291911,155.9282794,-14.49033162,4.588152711,7.71043901,-1.648846968,-33.03811334,7.010148019,0,0,0,0,0,0,
17.46359441,15.5567901,67.9951074,46.32121563,24.62503667,166.6174783,-15.2087131,10.01732699,0.084157438,-1.599908194,-33.33433363,7.448745995,0,0,0,0,0,0,
16.46988111,15.79888771,71.49470612,44.20808892,24.75869485,165.9231938,-15.14323982,8.492778183,3.919910481,-1.464165875,-33.32660699,7.067487005,0,0,0,0,0,0,
16.23547665,15.52758245,73.6029965,44.43951059,24.79203848,163.6851445,-14.81676182,6.452396324,5.973135084,-1.468194379,-33.28154856,6.747735951,0,0,0,0,0,0,
16.27158762,11.65187236,69.97525533,41.15798151,41.95527517,132.8019359,-16.18915891,-0.562143696,0.722778861,-0.970306565,-16.13854969,1.452603372,0,0,0,0,0,0,
16.68033833,11.68411751,72.23196488,42.17768486,42.28555458,132.7884316,-16.08909437,-0.60527004,0.369955246,-0.088203472,-15.98974106,9.223429817,0,0,0,0,0,0,
16.74144605,11.67960846,74.39663533,42.05086525,42.32871141,132.6170712,-16.10600001,-0.909910853,0.255935682,0.385333604,-15.99109676,9.688838759,0,0,0,0,0,0,
20.24157288,10.55094095,70.26840581,32.71135448,43.43866858,122.292275,-16.33154691,-1.548638162,0.933046436,11.76175541,-16.31149799,0.358568358,0,0,0,0,0,0,
16.8944112,10.94576131,73.45496922,41.21772921,41.76614993,133.2899037,-16.06499369,0.06859797,9.454205069,-1.132898461,-16.17419316,1.162139025,0,0,0,0,0,0,
16.38829963,11.76780877,75.56575399,40.97550018,42.06585503,132.6569979,-16.15351517,0.116137101,9.534637361,-0.165348911,-15.9907504,9.227091534,0,0,0,0,0,0,
20.27082471,10.75336461,73.7111126,32.7740166,43.15628773,122.4633903,-16.25581345,-0.270269947,9.664732147,11.74368514,-16.3351831,0.228051318,0,0,0,0,0,0,
16.2774508,11.75192053,76.22238429,41.18730314,41.72047252,133.0062146,-16.00266774,0.043722994,9.944629068,-1.005456115,-16.2144606,0.87172391,0,0,0,0,0,0,
17.32475805,15.96445934,70.59699223,43.79889366,33.83140157,144.0398033,-16.39864726,11.39849174,0.491911733,-1.989594169,-16.48007459,1.332732021,0,0,0,0,0,0,
16.89147517,16.6032272,72.78934874,43.46920457,34.15323971,143.3447616,-16.38154807,11.69284848,0.271993995,-0.543245703,-16.24924248,9.192708831,0,0,0,0,0,0,
17.25715334,15.23502603,73.38859019,43.18872775,34.96184944,142.0386899,-16.32429973,6.963587039,7.892623707,-1.536855733,-16.42995293,0.981869201,0,0,0,0,0,0,
16.30250527,15.40029239,76.18816582,41.5474043,35.50295977,140.3303715,-16.33154068,4.624238926,9.282014815,-1.317741899,-16.42630262,0.657834465,0,0,0,0,0,0,
16.36264796,19.23587589,69.46371521,43.14665469,29.18072162,150.6545707,-16.6277817,10.64484849,0.184487382,-1.66951309,-16.7739802,1.057702541,0,0,0,0,0,0,
16.31723289,18.43918235,73.14108719,41.69601962,29.54272263,148.0005898,-16.59818363,9.013219049,4.672541277,-1.411742063,-16.76762041,0.748537764,0,0,0,0,0,0,
16.57795963,18.27659585,76.68367599,41.93936165,29.98583455,147.5369563,-16.40997704,6.878933059,6.907975748,-1.082760115,-16.67819307,0.480195638,0,0,0,0,0,0,
14.21696322,22.47928811,62.98134272,45.63701808,41.80240322,138.4355722,-1.670793051,0.03975547,0.074399993,-0.164611013,-5.562620686,0.191070761,0,0,0,0,0,0,
10.57260609,18.93753129,62.01147195,51.91311358,34.93103305,147.6286415,-2.3301301,0.055205353,0.001590611,-0.248948487,-14.71558057,2.624258649,0,0,0,0,0,0,
10.31103836,15.79644725,60.56879455,52.66961755,22.47069716,159.2330829,-3.04001055,0.373542705,0.108523863,-0.836613847,-30.78563331,8.602023871,0,0,0,0,0,0,
-0.122254824,0.000693857,98.32591586,67.7244472,68.2056827,90.03273335,-9.966270086,-0.111641434,-0.889885737,-0.0246438,9.126736279,-0.995005422,9.110568975,0.040735595,-0.660126885,0.102589007,-9.116442862,-1.060412738,
-0.514174684,1.073236577,85.45211347,67.80669922,68.2588901,106.7339262,-9.777137188,0.543917472,-1.097727724,0.026449038,8.959493036,-0.812214931,9.003886325,0.510408147,-0.714132348,0.015521569,-8.787056623,0.541880504,
-0.119280758,0.006560603,91.85034438,67.71888108,68.45023913,90.39848107,-9.800826257,0.272066533,-0.980398919,-0.103090408,8.911881105,-1.08106536,9.030036689,0.336415134,-0.728450073,-0.12783884,-8.525651209,-0.541881757,
-1.185638304,-0.400303363,85.45108481,67.70899338,68.28297991,24.36679786,-9.673750181,-0.036465593,-1.047207571,-0.585726788,8.973861324,-0.725678981,8.577269203,0.034534969,0.629722639,-0.538296022,-9.008772098,-0.725185795,
-1.548618167,0.670903497,73.38345415,67.71612067,68.29269499,92.40250753,-9.448218429,0.509246837,-0.98176821,-0.054068067,8.875355464,-0.566882688,8.696181165,-0.384581109,0.954928211,0.487832762,-8.797657927,0.857377574,
-1.196271137,-0.3923851,79.18608858,67.76420588,68.51552243,24.04959055,-9.909703345,0.046147641,-0.916315743,-0.4630175,8.917467177,-1.108684596,8.870972858,-0.5708065,0.635877754,0.032752664,-8.488400806,-0.017768165,
-0.132974057,-0.000566433,91.85138065,67.93074555,68.26844115,89.64430151,-9.891299848,-0.089750688,-1.116236279,-0.710661988,8.892135445,-0.895435099,8.610945962,0.029433669,-0.300062934,-0.588752452,-8.885398521,-0.924109507,
-0.131167813,0.005410791,85.37735392,67.98052687,68.40793557,94.65488863,-9.930045167,-0.070978742,-1.175122066,-0.536138954,9.132505619,-0.918519712,8.642281167,-0.257607722,-0.083806911,0.088674868,-8.90243531,-0.231651155,
-0.131167813,0.005410791,85.37735392,67.98052687,68.40793557,94.65488863,-9.930045167,-0.070978742,-1.175122066,-0.536138954,9.132505619,-0.918519712,8.642281167,-0.257607722,-0.083806911,0.088674868,-8.90243531,-0.231651155,
0.28364032,-1.078540602,85.4520691,67.81194634,68.23739619,107.3734254,-9.747858433,-0.709704687,-1.181208838,0.050987602,8.890402591,0.51573081,8.914491417,-0.609577776,-0.84302356,-0.011236766,-8.896913616,-0.854930496,
-0.116421081,-0.000953553,73.38377732,67.86335272,68.245542,108.5734341,-9.323039959,-0.105607686,-0.864984584,0.014882456,8.859043796,0.77229583,8.855938456,0.133603257,-0.55952161,-0.028081964,-8.775808849,0.836278097,
0.280222654,-1.070964149,79.18735293,67.82779259,68.4656486,107.2302348,-9.797778716,-0.30660165,-0.703980152,0.100777031,8.760873657,0.442978167,9.000511301,-0.442614128,-0.594682173,-0.071610614,-8.561388864,-0.24672575,
-0.778338813,-1.438651997,73.38356269,67.76537031,68.25066037,86.26601785,-9.446305965,-0.33435445,-0.916986505,0.382637111,8.938194086,0.775323671,8.644211943,0.384654824,0.931321959,-0.004631807,-8.886339069,-0.581098451,
-1.143917184,-0.371785135,62.0445247,67.75156683,68.25076622,107.1565879,-9.502372109,0.015409661,-0.564060857,0.564565455,8.955559885,0.661710628,8.88689141,0.04510125,1.066945602,0.672729895,-8.910041008,0.768457892,
-0.790257406,-1.432566758,67.31263132,67.77185578,68.45144791,95.03094303,-9.857522538,-0.782144285,-0.789552366,0.638088636,8.848554553,0.816944964,9.06051826,0.11687666,0.738731317,-0.057452407,-8.478015998,-0.062540336,
0.258515101,-1.076578391,79.18724828,68.00460667,68.29509301,106.6001111,-9.692150762,-0.632635204,-0.949388571,0.559694989,9.051788909,0.746641113,8.555084006,0.192666511,-0.095432986,-0.485223846,-8.996640719,-0.746456362,
0.262647561,-1.076281063,72.92166044,67.94947476,68.4677319,106.9009083,-9.749257173,-0.470118008,-0.861955656,0.635651545,9.003195375,0.521080159,8.454008068,-0.423131542,0.256062199,0.250898339,-8.777276633,0.031905215,
0.262647561,-1.076281063,72.92166044,67.94947476,68.4677319,106.9009083,-9.749257173,-0.470118008,-0.861955656,0.635651545,9.003195375,0.521080159,8.454008068,-0.423131542,0.256062199,0.250898339,-8.777276633,0.031905215,
-0.121192041,-0.008441966,91.85080254,67.71677155,68.44519657,90.8185631,-9.80922797,-0.356942403,-1.04273199,-0.096073146,8.533144312,-0.508364177,9.016639726,-0.316010975,-0.618199058,-0.122391469,-8.918702869,-1.016162013,
-0.119502767,-0.000475671,85.38085121,67.77732462,68.64660401,89.97945266,-9.958856185,0.026048646,-0.7598935,0.051183807,8.561380416,-0.549780203,9.113420739,0.036759421,-0.440932601,-0.090431535,-8.491404858,-0.452186828,
-0.119502767,-0.000475671,85.38085121,67.77732462,68.64660401,89.97945266,-9.958856185,0.026048646,-0.7598935,0.051183807,8.561380416,-0.549780203,9.113420739,0.036759421,-0.440932601,-0.090431535,-8.491404858,-0.452186828,
-1.20198284,-0.411728414,79.18581005,67.77168412,68.45906872,25.37747137,-9.890702741,-0.332443521,-0.978820475,-0.031674397,8.438684642,0.027387035,8.989139088,0.43342314,0.641292429,-0.610633266,-8.885295665,-1.034359456,
-1.210084995,-0.400664405,72.92158906,67.72020478,68.64619965,25.34000516,-10.17376399,-0.072160815,-0.618155695,-0.111423656,8.542275718,-0.028124196,9.068140484,-0.068684962,0.340779638,-0.110050207,-8.550305329,0.018208123,
-1.210084995,-0.400664405,72.92158906,67.72020478,68.64619965,25.34000516,-10.17376399,-0.072160815,-0.618155695,-0.111423656,8.542275718,-0.028124196,9.068140484,-0.068684962,0.340779638,-0.110050207,-8.550305329,0.018208123,
-0.131151219,-0.007532085,85.37853602,67.99184889,68.37172551,85.10333665,-9.910392902,-0.032980078,-1.143424691,-0.024131281,8.872278255,-0.108325145,8.648659359,0.281204062,-0.075237153,-0.329481968,-9.073663936,-0.920652117,
-0.537988247,1.081667583,72.92139247,67.93025297,68.4393186,107.0117191,-9.703451083,0.412466212,-0.734495292,0.251360184,8.824527144,-0.027978216,8.407403136,0.424002364,0.297175501,0.532420815,-9.074358477,0.56494568,
-0.140001491,-0.002926019,78.90526807,67.98691363,68.65486473,89.25126231,-10.1294239,-0.066349293,-0.708360519,-0.451379494,8.871673656,-0.119970442,8.875417651,-0.06923846,0.11563886,-0.367861315,-8.861397482,-0.14378876,
0.945163681,0.399327761,85.44904874,67.73154444,68.2496304,24.63420448,-9.408600056,-0.001233359,0.857688539,0.708254351,8.880992119,-0.749715644,8.807401936,-0.047440779,-1.144384342,0.710702653,-8.905678398,-0.696348767,
0.544791416,1.441067082,73.38088396,67.75313515,68.2228064,87.86029469,-9.471476411,-0.392791513,1.010181305,0.499675799,8.784241138,-0.703760813,8.641413715,0.587581504,-0.90715019,-0.157551382,-8.866385578,0.815399684,
1.472310761,0.599966458,78.82984383,67.78096957,68.43201203,23.69519195,-9.736250015,-0.478100238,0.913345027,0.709960768,8.844956554,-0.854682011,9.001850853,0.100175567,-0.664883293,-0.127736278,-8.480206645,-0.009944013,
-0.133231304,-0.000876782,73.38170669,67.82524771,68.24475712,22.01766504,-9.190239172,0.015093316,1.241258044,-0.064091654,8.750518125,-0.773431339,8.707718569,-0.016525163,0.512893358,0.022988974,-8.811463139,-0.649388376,
0.016509818,1.213097605,61.96432427,67.80826086,68.27682537,22.29022959,-9.621441028,-0.273289387,1.048205493,0.014379917,8.853714341,-0.398402398,8.961790839,-0.380316246,0.792177326,-0.407816336,-8.972051849,0.902346945,
0.394639849,0.208652541,67.14753281,67.79662175,68.43739552,21.69585569,-9.654043278,-0.210323399,0.820238429,0.059905992,8.79398115,-0.437300921,8.902962481,-0.482462521,0.704399713,-0.095248413,-8.507983848,0.414652582,
0.929236917,0.40122098,79.18558141,67.97850699,68.21297783,24.13292838,-9.55451918,0.078987232,0.655386486,0.041741038,8.802107055,-0.600218629,8.512966581,-0.005783207,-0.153117695,0.097794373,-8.816173138,-0.71597366,
0.52758194,1.457016594,67.31198688,67.9359879,68.26219839,94.01928492,-9.819324101,-0.415332961,1.186558689,0.652794065,8.990404228,-0.568563975,8.507182652,0.336309583,0.107466113,-0.526528238,-8.879109552,0.80184969,
1.454637623,0.604993826,72.66319945,67.98776288,68.46798462,23.19219686,-9.565169312,-0.193559355,0.877977384,0.533157424,8.981527419,-0.430138292,8.454735588,-0.285387793,-0.18261181,0.32900891,-8.750071351,0.130335635,
1.314040884,-0.673434535,73.38087715,67.71479315,68.26800913,93.36511993,-9.55457857,0.345117968,0.950394185,-0.202605066,8.980134389,0.87541001,8.636396165,-0.493927321,-0.873248874,0.37391832,-8.748492637,-0.600679933,
1.091027685,-0.147052366,61.96544256,67.68823523,68.32197972,107.4142664,-9.697370052,0.047408655,1.395097304,-0.403084691,8.909572884,0.857581269,8.620628633,0.020342755,-0.708417363,-0.290376681,-8.935398161,0.83820847,
1.323814248,-0.659819673,67.31203906,67.72734684,68.45240731,88.32437797,-9.848757818,0.264322951,1.021139352,-0.60630119,8.976629316,0.989074907,8.821527545,-0.512650429,-0.519239317,0.375366906,-8.381260044,0.026894458,
0.246101502,-1.042759097,62.04307633,67.81241698,68.23873944,24.16136048,-9.70273867,0.288426598,1.034454782,-0.240386762,8.933183636,0.967648992,8.837908116,0.427946879,0.882928989,0.04501738,-8.87426398,-0.404897767,
-0.118839292,-0.001010544,51.37129131,67.75426955,68.19564099,91.22992636,-9.724057999,0.067654524,1.182454249,0.039097328,9.104499557,1.093828059,9.023646127,0.013502955,0.643984553,0.0930641,-9.016879408,1.178870612,
0.25220776,-1.016021847,56.15579043,67.68010039,68.42410464,24.41276989,-9.794583482,0.288340744,1.17547532,0.159161846,8.781765903,0.988443389,9.064307183,0.471626315,0.750543465,-0.153903523,-8.543584136,0.4529819,
1.29609925,-0.681405806,67.31252549,67.94693703,68.29825682,89.57508289,-9.82463547,0.473560936,1.132402818,-0.607842168,9.005408686,0.828935977,8.526963787,-0.222217503,0.18826331,0.548433847,-9.013137771,-0.636567131,
0.893587932,0.375095638,56.15499719,67.91450257,68.22835297,107.1739307,-9.855514061,0.037418622,1.158712042,-0.449557163,8.774336715,0.969070254,8.572831306,-0.027653317,0.404467022,-0.452421622,-8.911504228,0.907106287,
1.806599299,-0.461135616,61.17303066,67.97947402,68.43860716,37.0618394,-9.980233938,0.166929333,1.128830642,-0.126566288,9.131588727,0.94430737,8.641148169,-0.3434821,0.255822091,0.18296971,-8.746627444,0.356683786,
0.947857082,0.383383138,79.18563058,67.77854008,68.4480452,24.49934006,-9.84571517,0.445899029,0.813355379,-0.173471972,8.469702873,0.054495375,8.981149899,-0.210444562,-0.750731569,0.8348964,-8.800439864,-0.763400536,
0.551641638,1.427461801,67.31230255,67.7656054,68.49493069,95.19588587,-9.930011551,-0.324054203,1.091413626,0.388287615,8.426523201,0.073163237,8.863935364,0.613567789,-0.363828105,-0.550223519,-8.981654198,1.015897328,
0.963671696,0.400771835,72.92022989,67.73464102,68.69603247,25.41872613,-10.14710083,-0.014686874,0.82249167,0.093825462,8.516405155,0.18273639,9.104160458,0.030438327,-0.651903039,0.180397442,-8.492919759,0.127428377,
-0.131540996,-0.022320737,67.3094894,67.81102413,68.40900177,22.35102022,-9.712227244,0.112247964,0.780782397,-0.050650636,8.523600476,0.417889818,8.87787511,0.445297904,0.709528419,0.03559151,-8.771773968,-0.392614776,
-0.497314505,1.01405011,56.15582609,67.66769261,68.44648737,25.22250149,-9.81423373,-0.265885631,1.160503547,-0.092058113,8.495886607,0.466871425,9.070470042,-0.462853072,0.778806346,0.043519142,-8.792291541,1.081219339,
-0.131609663,-0.000145296,61.2375162,67.70719761,68.66860956,22.49807436,-9.692906856,0.011133534,0.748030769,-0.159340113,8.52943037,0.524769225,8.784921128,0.008323672,0.574109338,-0.257562074,-8.509722118,0.538362566,
0.933069282,0.384335407,72.91952472,67.99623675,68.50850386,24.31740353,-9.692468659,0.302304753,0.821832276,0.380772537,8.78236732,0.093079077,8.445508333,0.191688139,-0.19110813,0.574194986,-8.975645006,-0.44943795,
1.045217259,1.601206257,61.17366558,68.018897,68.44504923,24.45072971,-9.967127884,-0.170940285,1.170365488,0.197804529,8.783291687,0.267285307,8.657733545,0.399608623,0.274279965,-0.267261845,-9.095608926,1.008624046,
1.462828818,0.588667447,66.49762034,68.00213332,68.74619288,23.21485566,-10.15327568,-0.039987464,1.025437737,-0.392741591,8.824859023,0.391624738,8.874811066,0.015800828,-0.047259684,-0.43680036,-8.785544543,0.319570701,
-0.108514023,0.00025415,91.85036303,67.93762678,68.26430125,89.82871896,-9.459361537,-0.086240223,-0.180893485,0.346932178,8.875502617,-0.852190701,9.06729453,-0.018178036,-0.963020675,0.482710629,-8.919664351,-0.877561676,
-0.500264441,1.074366239,79.18568021,67.99238152,68.32619137,106.384024,-9.293591683,-0.120958434,0.236119722,0.302391172,8.948316414,-0.970208057,8.8797882,0.065146457,-0.703226259,-0.708141444,-8.798216223,0.662659443,
-0.10547296,0.012693757,85.37661669,67.99248642,68.39424414,87.45885273,-9.44162107,-0.005214355,-0.077519837,0.305839187,9.211542752,-0.792265184,8.904095872,0.270283982,-1.060198792,-0.039689551,-8.730549634,-0.26623347,
-1.180846836,-0.401305026,79.18851765,67.93404621,68.28161234,24.03405739,-9.459420511,-0.012478138,-0.21269176,-0.638669453,8.770681523,-0.850149469,8.71587776,-0.143287001,0.851527648,-0.69027521,-8.834253083,-0.767270496,
-1.543462676,0.679593846,67.31335406,67.95181031,68.29514832,85.93781785,-9.324687534,-0.111021092,-0.032216172,-0.638396608,8.744831609,-0.52593031,8.869826394,-0.051986636,1.019024172,0.175074877,-8.925752054,0.882156286,
-1.179962817,-0.379747335,72.9210787,68.01060671,68.57225079,24.28491297,-9.363298452,0.037272344,-0.142809681,-0.108456692,8.971718205,-0.468105767,8.680508296,-0.184444397,0.729644709,0.154146142,-8.812738902,0.210018262,
-0.127416496,0.000800753,85.37734378,68.07879156,68.24778838,89.43845043,-9.48597521,-0.039927741,-0.165067316,-0.27792541,8.933502463,-0.594491657,8.712628055,0.133665267,-0.360842146,-0.150617089,-8.940722435,-0.624764792,
-0.520237623,1.093551219,72.92135288,68.21861309,68.27842087,107.3355194,-9.600994527,0.014629693,0.139304804,-0.207537068,9.050628198,-0.593485959,8.611422902,0.009244063,0.109882769,-0.328883511,-9.019727633,0.665386259,
-0.125474934,0.020597249,78.90155915,68.2223968,68.43718285,92.07756749,-9.455097242,-0.086103211,-0.091723037,-0.091516568,9.34426422,-0.734057481,8.623564485,-0.133989879,-0.093357593,0.097038285,-8.918321963,-0.137373212,
0.489193033,-1.604602898,78.83046754,67.93895716,68.3034634,108.5003703,-9.334434184,0.04451156,0.344380181,-0.764834256,8.847189705,0.616074946,8.89124135,-0.051470325,-0.848289151,0.359852085,-8.936218208,-0.844552405,
-0.086064241,-0.003874839,67.31102934,67.89166636,68.26492543,108.5825922,-9.485509539,-0.011294379,0.483540879,-0.671111458,8.696027842,0.97298857,8.732188548,0.135172271,-0.557376227,-0.628884635,-8.695176891,1.061661209,
0.496426695,-1.596199676,72.66386191,68.01779789,68.45658751,108.3843976,-9.378703333,-0.003620485,0.335263551,-0.351290125,9.073243183,0.54193389,8.726615125,0.058412516,-0.626738847,0.171249471,-8.794708127,-0.100320121,
-0.774259782,-1.457883798,67.31300676,67.95854706,68.24450964,97.72161475,-9.338689416,-0.011297125,-0.013464367,0.090004336,8.876041703,0.89797813,8.944435046,0.007130583,1.007973015,-0.674023706,-8.773796292,-0.607030627,
-1.124898739,-0.374942217,56.15669258,67.94991392,68.23489374,107.3935583,-9.390490037,-0.038142601,0.386418349,0.32142299,8.847704573,0.820746365,9.008909166,0.037272162,1.15896748,0.212391016,-8.878848595,0.862835206,
-0.773810511,-1.433093634,61.24282996,68.03566498,68.45240349,97.24252319,-9.41907838,-0.162907069,0.462713534,0.128180382,9.14570928,0.709274807,8.985126933,-0.070875655,1.171298428,-0.276029312,-8.814393889,0.383776743,
0.27759316,-1.093205395,72.92127417,68.22630114,68.28713221,107.5866654,-9.577614855,-0.000517364,0.165975114,-0.235357484,9.066325969,0.679544341,8.632927566,-0.048015898,0.036370123,-0.08921052,-9.009743238,-0.53621532,
-0.111805018,-0.001135464,61.24002764,68.17860741,68.25178713,108.7281017,-9.417006038,-0.068866322,0.510197767,-0.189148424,8.894024372,0.624041469,8.556928708,0.030208914,0.4623326,-0.173704152,-8.803011165,0.605242401,
0.279956716,-1.074490915,66.65447599,68.19632716,68.42876286,107.9130423,-9.469393561,-0.157670396,0.342428778,0.181677619,9.356535289,0.668774928,8.660339239,-0.125020586,0.215834608,-0.054156454,-8.826510657,0.26942485,
-0.107302749,-0.008845579,85.3759091,67.96733755,68.39207978,91.91262243,-9.487714696,0.144022612,-0.145130516,-0.098736196,8.757297803,-0.2644633,8.954831782,-0.239980929,-1.131373707,0.244829853,-9.237375912,-0.750003765,
-0.496186015,1.068128544,72.91986317,68.04235167,68.47924656,106.1369444,-9.427400835,0.068606147,0.284232027,-0.074970014,8.807206082,-0.074931858,8.747510009,-0.03758268,-0.659906363,-0.321818094,-9.067399629,0.587153566,
-0.096569596,-0.001106653,78.90199716,68.02935929,68.73600096,89.38708967,-9.737587103,-0.050255151,0.262192951,-0.008149533,8.697441298,-0.262245604,9.074037422,-0.009127407,-0.72879217,0.139272304,-8.729069121,-0.238588429,
-1.18579149,-0.41584266,72.92088106,67.97159952,68.52536387,24.89384165,-9.378126611,0.106558152,-0.123729057,-0.089244894,8.807496384,0.278139943,8.675280147,0.224322874,0.698858664,-0.013666449,-8.999285694,-0.467588447,
-1.547642429,0.661343904,61.24290705,68.02265925,68.47791476,85.36639182,-9.399175476,0.21271547,0.331009254,-0.185998501,8.810452071,0.360875406,8.921725276,0.040899966,1.177698598,0.215673746,-9.165759716,0.733150021,
-1.186766638,-0.400217723,66.65485962,67.98643059,68.71539158,24.72703742,-9.713294577,-0.035279836,-0.031135742,0.10689174,8.717076815,0.366198835,9.109546549,-0.033679429,0.711374666,0.157328041,-8.726515956,0.409269051,
-0.123592844,-0.02263625,78.90177114,68.23500676,68.4258656,89.3433656,-9.493520307,0.050152496,-0.106188198,0.114655548,8.890281474,-0.102299313,8.619129238,0.126334784,-0.077327396,-0.119997045,-9.438643038,-0.816967788,
-0.516560568,1.070980641,66.65467992,68.21062512,68.43566269,106.5963512,-9.505434621,0.155161268,0.309191212,0.047996162,8.817631129,0.305332218,8.669337923,0.111357967,0.127750138,0.207979686,-9.425840337,0.674567828,
-0.122037124,0.000375738,72.42827757,68.22013516,68.70733113,90.89898382,-9.97902637,-0.04753672,0.127413726,-0.055779903,8.76482344,0.043899589,9.051384103,0.030932255,0.107400592,-0.124479133,-8.738460228,0.020906642,
